input_column,encoding,mean,scale,levels
month,one_hot_categorical,,,2023-06|2023-07|2023-08|2023-09|2023-10|2023-11|2023-12|2024-01|2024-02|2024-03|2024-04|2024-05|2024-06|2024-07|UNKNOWN
OficinaACNUR,one_hot_categorical,,,MISSING_NOT_APPLICABLE|UNKNOWN|fomon|foten|fupal|fusal|futij|pcr_cdmx|sotap
Demographics.HH.Head,standardized_numeric_with_missing_indicator,1.45810138,0.67596181,
Demographics.Language,standardized_numeric_with_missing_indicator,1.15683590,0.33884142,
Demographics.Profiles,standardized_numeric_with_missing_indicator,1.64469464,0.85986586,
Demographics.Documentation,standardized_numeric_with_missing_indicator,1.01929939,0.10733132,
Needs_and_Coping.BasicNeeds,standardized_numeric_with_missing_indicator,1.56324068,0.34620293,
Needs_and_Coping.Housing,standardized_numeric_with_missing_indicator,1.99085418,0.71254193,
Needs_and_Coping.Neg.mechanism,standardized_numeric_with_missing_indicator,1.90945669,0.54489103,
Needs_and_Coping.Dependency,standardized_numeric_with_missing_indicator,1.09634116,0.32510795,
NumIntegrantes,standardized_numeric_with_missing_indicator,2.15105263,1.42711485,
dependencyCategory,one_hot_categorical,,,UNKNOWN|average|complete|high|low
FemaleHeadedHousehold,one_hot_categorical,,,MISSING_NOT_APPLICABLE|UNKNOWN|jefatura_femenina|jefatura_masculina
CuidadorSolo,one_hot_categorical,,,MISSING_NOT_APPLICABLE|UNKNOWN|no|si
HablaEspanol,one_hot_categorical,,,UNKNOWN|espanol_ningun_adulto|espanol_uno_mas_adultos
Analfabeta_si,one_hot_categorical,,,UNKNOWN|adultos_ninguno_analfabeta|adultos_uno_mas_analfabeta
ScoreCOMAR_PIL,one_hot_categorical,,,FLAG_+500|FLAG_-500|MISSING_NOT_APPLICABLE|UNKNOWN|ZERO
ScoreIntenciones,one_hot_categorical,,,FLAG_-500|UNKNOWN|ZERO
ScoreDuplicidad,one_hot_categorical,,,FLAG_-500|UNKNOWN|ZERO
