CaseworkerID,caseID,position
#1101,1547,0
#1101,1769,1
#1101,116,2
#1101,1828,3
#1101,1626,4
#1101,911,5
#1101,608,6
#1101,1518,7
#1101,752,8
#1101,1197,9
#1101,531,10
#1101,1152,11
#1101,1269,12
#1101,1632,13
#1101,806,14
#1101,6,15
#1101,61,16
#1101,1056,17
#1101,1052,18
#1101,505,19
#1841,615,0
#1841,561,1
#1841,649,2
#1841,299,3
#1841,1081,4
#1841,1271,5
#1841,1262,6
#1841,736,7
#1841,1363,8
#1841,1446,9
#1841,742,10
#1841,1433,11
#1841,1699,12
#1841,490,13
#1841,681,14
#1841,1310,15
#1841,1148,16
#1841,1610,17
#1841,960,18
#1841,1124,19
#1860,1623,0
#1860,784,1
#1860,252,2
#1860,1823,3
#1860,196,4
#1860,1506,5
#1860,1851,6
#1860,1813,7
#1860,1188,8
#1860,1758,9
#1860,1768,10
#1860,756,11
#1860,846,12
#1860,907,13
#1860,968,14
#1860,1447,15
#1860,360,16
#1860,1197,17
#1860,380,18
#1860,199,19
#1583,1245,0
#1583,1025,1
#1583,241,2
#1583,513,3
#1583,282,4
#1583,1623,5
#1583,1840,6
#1583,1518,7
#1583,1688,8
#1583,1752,9
#1583,534,10
#1583,441,11
#1583,1600,12
#1583,818,13
#1583,1598,14
#1583,1851,15
#1583,262,16
#1583,446,17
#1583,1522,18
#1583,71,19
#527,1880,0
#527,1605,1
#527,1551,2
#527,936,3
#527,439,4
#527,1078,5
#527,787,6
#527,704,7
#527,415,8
#527,1343,9
#527,1550,10
#527,1207,11
#527,1499,12
#527,154,13
#527,1185,14
#527,62,15
#527,1565,16
#527,285,17
#527,1819,18
#527,1449,19
#1223,10,0
#1223,1089,1
#1223,842,2
#1223,1597,3
#1223,1891,4
#1223,971,5
#1223,1777,6
#1223,315,7
#1223,1521,8
#1223,1637,9
#1223,112,10
#1223,765,11
#1223,1390,12
#1223,155,13
#1223,1202,14
#1223,660,15
#1223,967,16
#1223,742,17
#1223,1671,18
#1223,1206,19
#112,1114,0
#112,611,1
#112,365,2
#112,1069,3
#112,1078,4
#112,1393,5
#112,10,6
#112,1830,7
#112,1438,8
#112,1517,9
#112,664,10
#112,1277,11
#112,1850,12
#112,1099,13
#112,360,14
#112,1368,15
#112,1003,16
#112,37,17
#112,981,18
#112,690,19
#071,1301,0
#071,880,1
#071,1340,2
#071,965,3
#071,172,4
#071,229,5
#071,292,6
#071,105,7
#071,217,8
#071,40,9
#071,285,10
#071,1390,11
#071,45,12
#071,414,13
#071,432,14
#071,1496,15
#071,1148,16
#071,271,17
#071,1410,18
#071,185,19
#1311,706,0
#1311,615,1
#1311,619,2
#1311,1318,3
#1311,1851,4
#1311,788,5
#1311,282,6
#1311,1438,7
#1311,1433,8
#1311,433,9
#1311,1554,10
#1311,1512,11
#1311,1284,12
#1311,76,13
#1311,1307,14
#1311,1352,15
#1311,1777,16
#1311,1142,17
#1311,691,18
#1311,1513,19
#672,1859,0
#672,585,1
#672,1692,2
#672,1297,3
#672,1224,4
#672,299,5
#672,548,6
#672,664,7
#672,534,8
#672,572,9
#672,1431,10
#672,809,11
#672,76,12
#672,1773,13
#672,1310,14
#672,1699,15
#672,1109,16
#672,560,17
#672,228,18
#672,539,19
#555,1880,0
#555,362,1
#555,1605,2
#555,1623,3
#555,1227,4
#555,510,5
#555,338,6
#555,633,7
#555,1104,8
#555,199,9
#555,1277,10
#555,1842,11
#555,691,12
#555,1793,13
#555,435,14
#555,1722,15
#555,342,16
#555,1883,17
#555,1178,18
#555,76,19
#252,1184,0
#252,1561,1
#252,1851,2
#252,1593,3
#252,177,4
#252,195,5
#252,575,6
#252,570,7
#252,1388,8
#252,742,9
#252,543,10
#252,377,11
#252,461,12
#252,1109,13
#252,1623,14
#252,1719,15
#252,653,16
#252,217,17
#252,1672,18
#252,1705,19
#1771,1287,0
#1771,1586,1
#1771,754,2
#1771,1050,3
#1771,1311,4
#1771,561,5
#1771,774,6
#1771,10,7
#1771,1439,8
#1771,1610,9
#1771,116,10
#1771,1628,11
#1771,1560,12
#1771,742,13
#1771,304,14
#1771,1554,15
#1771,1521,16
#1771,360,17
#1771,1343,18
#1771,623,19
#676,679,0
#676,1699,1
#676,1475,2
#676,1598,3
#676,1168,4
#676,1002,5
#676,434,6
#676,178,7
#676,416,8
#676,333,9
#676,367,10
#676,144,11
#676,998,12
#676,1506,13
#676,279,14
#676,1870,15
#676,1338,16
#676,1851,17
#676,518,18
#676,1730,19
#440,1626,0
#440,1621,1
#440,1373,2
#440,301,3
#440,76,4
#440,1287,5
#440,1345,6
#440,871,7
#440,1604,8
#440,1483,9
#440,496,10
#440,328,11
#440,371,12
#440,360,13
#440,870,14
#440,607,15
#440,1284,16
#440,885,17
#440,1438,18
#440,1310,19
#645,1516,0
#645,1258,1
#645,1888,2
#645,1091,3
#645,1554,4
#645,229,5
#645,530,6
#645,687,7
#645,1067,8
#645,1032,9
#645,561,10
#645,1367,11
#645,1551,12
#645,639,13
#645,1390,14
#645,1004,15
#645,1157,16
#645,414,17
#645,680,18
#645,150,19
#1725,397,0
#1725,727,1
#1725,1843,2
#1725,459,3
#1725,1271,4
#1725,476,5
#1725,844,6
#1725,956,7
#1725,1469,8
#1725,1719,9
#1725,817,10
#1725,1699,11
#1725,1770,12
#1725,841,13
#1725,321,14
#1725,885,15
#1725,40,16
#1725,1119,17
#1725,1096,18
#1725,330,19
#1359,1449,0
#1359,243,1
#1359,1383,2
#1359,360,3
#1359,1864,4
#1359,56,5
#1359,537,6
#1359,534,7
#1359,392,8
#1359,1885,9
#1359,861,10
#1359,1373,11
#1359,801,12
#1359,221,13
#1359,1076,14
#1359,911,15
#1359,806,16
#1359,478,17
#1359,1152,18
#1359,1711,19
#1323,211,0
#1323,1208,1
#1323,1103,2
#1323,1249,3
#1323,1722,4
#1323,707,5
#1323,279,6
#1323,519,7
#1323,810,8
#1323,1867,9
#1323,1255,10
#1323,415,11
#1323,841,12
#1323,1478,13
#1323,1150,14
#1323,566,15
#1323,159,16
#1323,789,17
#1323,677,18
#1323,1869,19
#458,1343,0
#458,1765,1
#458,199,2
#458,817,3
#458,221,4
#458,242,5
#458,1648,6
#458,310,7
#458,1338,8
#458,285,9
#458,1103,10
#458,1180,11
#458,561,12
#458,1219,13
#458,1802,14
#458,721,15
#458,1159,16
#458,1284,17
#458,1722,18
#458,10,19
#1102,1152,0
#1102,1827,1
#1102,753,2
#1102,1563,3
#1102,800,4
#1102,981,5
#1102,1497,6
#1102,1624,7
#1102,863,8
#1102,1135,9
#1102,365,10
#1102,144,11
#1102,1433,12
#1102,1601,13
#1102,459,14
#1102,475,15
#1102,390,16
#1102,285,17
#1102,1662,18
#1102,1356,19
#133,1554,0
#133,123,1
#133,424,2
#133,1827,3
#133,705,4
#133,1313,5
#133,718,6
#133,1259,7
#133,199,8
#133,1602,9
#133,1467,10
#133,543,11
#133,50,12
#133,815,13
#133,3,14
#133,664,15
#133,782,16
#133,766,17
#133,460,18
#133,1092,19
#1805,240,0
#1805,195,1
#1805,534,2
#1805,895,3
#1805,385,4
#1805,1061,5
#1805,1575,6
#1805,560,7
#1805,1634,8
#1805,163,9
#1805,1269,10
#1805,538,11
#1805,794,12
#1805,1610,13
#1805,1361,14
#1805,1128,15
#1805,765,16
#1805,806,17
#1805,1651,18
#1805,1811,19
#1497,761,0
#1497,319,1
#1497,562,2
#1497,791,3
#1497,1511,4
#1497,1823,5
#1497,1375,6
#1497,1074,7
#1497,942,8
#1497,354,9
#1497,911,10
#1497,522,11
#1497,1482,12
#1497,1451,13
#1497,745,14
#1497,76,15
#1497,217,16
#1497,1537,17
#1497,885,18
#1497,1632,19
#1476,623,0
#1476,806,1
#1476,570,2
#1476,1354,3
#1476,1468,4
#1476,1324,5
#1476,1843,6
#1476,381,7
#1476,775,8
#1476,322,9
#1476,1150,10
#1476,1128,11
#1476,1523,12
#1476,1731,13
#1476,271,14
#1476,983,15
#1476,1296,16
#1476,454,17
#1476,1626,18
#1476,293,19
#513,319,0
#513,1630,1
#513,240,2
#513,885,3
#513,1866,4
#513,1175,5
#513,1305,6
#513,774,7
#513,1390,8
#513,968,9
#513,1884,10
#513,389,11
#513,1540,12
#513,1806,13
#513,512,14
#513,376,15
#513,243,16
#513,706,17
#513,478,18
#513,945,19
#1200,434,0
#1200,144,1
#1200,1219,2
#1200,1666,3
#1200,59,4
#1200,484,5
#1200,537,6
#1200,1470,7
#1200,736,8
#1200,310,9
#1200,185,10
#1200,400,11
#1200,1695,12
#1200,351,13
#1200,326,14
#1200,1509,15
#1200,917,16
#1200,5,17
#1200,1699,18
#1200,611,19
#1765,1203,0
#1765,1173,1
#1765,1152,2
#1765,563,3
#1765,736,4
#1765,200,5
#1765,980,6
#1765,502,7
#1765,1692,8
#1765,866,9
#1765,1080,10
#1765,1671,11
#1765,1521,12
#1765,1528,13
#1765,1335,14
#1765,806,15
#1765,1716,16
#1765,1184,17
#1765,1249,18
#1765,1041,19
#1167,920,0
#1167,1100,1
#1167,279,2
#1167,1309,3
#1167,90,4
#1167,706,5
#1167,906,6
#1167,1623,7
#1167,448,8
#1167,1046,9
#1167,1523,10
#1167,1462,11
#1167,1511,12
#1167,1568,13
#1167,911,14
#1167,1110,15
#1167,1601,16
#1167,1786,17
#1167,797,18
#1167,37,19
#1677,1895,0
#1677,738,1
#1677,1888,2
#1677,1037,3
#1677,531,4
#1677,1413,5
#1677,1544,6
#1677,579,7
#1677,97,8
#1677,347,9
#1677,3,10
#1677,1337,11
#1677,1393,12
#1677,1251,13
#1677,525,14
#1677,258,15
#1677,141,16
#1677,267,17
#1677,1499,18
#1677,639,19
#1761,1010,0
#1761,1408,1
#1761,1722,2
#1761,487,3
#1761,806,4
#1761,84,5
#1761,635,6
#1761,1824,7
#1761,10,8
#1761,724,9
#1761,1763,10
#1761,130,11
#1761,94,12
#1761,229,13
#1761,1347,14
#1761,992,15
#1761,497,16
#1761,1390,17
#1761,1173,18
#1761,1417,19
#606,1523,0
#606,266,1
#606,1283,2
#606,439,3
#606,1064,4
#606,1554,5
#606,1358,6
#606,560,7
#606,1381,8
#606,1090,9
#606,1057,10
#606,1632,11
#606,40,12
#606,243,13
#606,1506,14
#606,658,15
#606,261,16
#606,337,17
#606,39,18
#606,1398,19
#016,329,0
#016,1843,1
#016,1607,2
#016,1298,3
#016,1706,4
#016,749,5
#016,1717,6
#016,1368,7
#016,821,8
#016,1499,9
#016,799,10
#016,254,11
#016,664,12
#016,1893,13
#016,131,14
#016,229,15
#016,1550,16
#016,1592,17
#016,292,18
#016,1722,19
#937,1827,0
#937,1358,1
#937,310,2
#937,1784,3
#937,1135,4
#937,1730,5
#937,439,6
#937,511,7
#937,248,8
#937,276,9
#937,1599,10
#937,208,11
#937,1463,12
#937,1151,13
#937,1621,14
#937,1219,15
#937,952,16
#937,798,17
#937,267,18
#937,814,19
#1859,502,0
#1859,415,1
#1859,1801,2
#1859,825,3
#1859,1765,4
#1859,225,5
#1859,441,6
#1859,652,7
#1859,564,8
#1859,37,9
#1859,1667,10
#1859,1068,11
#1859,872,12
#1859,643,13
#1859,478,14
#1859,1356,15
#1859,1684,16
#1859,1564,17
#1859,1508,18
#1859,1623,19
#1624,319,0
#1624,1639,1
#1624,1515,2
#1624,76,3
#1624,1578,4
#1624,898,5
#1624,1264,6
#1624,266,7
#1624,1052,8
#1624,664,9
#1624,240,10
#1624,940,11
#1624,519,12
#1624,324,13
#1624,1657,14
#1624,195,15
#1624,1339,16
#1624,681,17
#1624,995,18
#1624,150,19
#1407,1730,0
#1407,434,1
#1407,1483,2
#1407,1032,3
#1407,732,4
#1407,1499,5
#1407,1739,6
#1407,10,7
#1407,1039,8
#1407,1386,9
#1407,988,10
#1407,112,11
#1407,702,12
#1407,1766,13
#1407,1390,14
#1407,1234,15
#1407,1152,16
#1407,299,17
#1407,198,18
#1407,19,19
#238,271,0
#238,5,1
#238,1668,2
#238,185,3
#238,981,4
#238,1691,5
#238,517,6
#238,93,7
#238,1532,8
#238,1611,9
#238,235,10
#238,1508,11
#238,1451,12
#238,195,13
#238,701,14
#238,1479,15
#238,1692,16
#238,858,17
#238,1709,18
#238,40,19
#1282,1168,0
#1282,618,1
#1282,1246,2
#1282,1234,3
#1282,62,4
#1282,980,5
#1282,1102,6
#1282,1656,7
#1282,1897,8
#1282,635,9
#1282,1284,10
#1282,981,11
#1282,950,12
#1282,1143,13
#1282,1240,14
#1282,58,15
#1282,1250,16
#1282,195,17
#1282,267,18
#1282,1231,19
#1054,1864,0
#1054,1482,1
#1054,1330,2
#1054,793,3
#1054,1358,4
#1054,1152,5
#1054,352,6
#1054,1834,7
#1054,842,8
#1054,75,9
#1054,360,10
#1054,562,11
#1054,478,12
#1054,672,13
#1054,502,14
#1054,1516,15
#1054,139,16
#1054,572,17
#1054,618,18
#1054,1417,19
#1492,10,0
#1492,40,1
#1492,1277,2
#1492,1118,3
#1492,1806,4
#1492,1772,5
#1492,626,6
#1492,1273,7
#1492,1842,8
#1492,271,9
#1492,1018,10
#1492,705,11
#1492,238,12
#1492,1437,13
#1492,360,14
#1492,1214,15
#1492,880,16
#1492,196,17
#1492,1700,18
#1492,1274,19
#870,1645,0
#870,1835,1
#870,76,2
#870,164,3
#870,1676,4
#870,664,5
#870,1381,6
#870,1096,7
#870,451,8
#870,641,9
#870,1257,10
#870,1741,11
#870,810,12
#870,980,13
#870,1152,14
#870,925,15
#870,711,16
#870,654,17
#870,1874,18
#870,1159,19
#111,112,0
#111,740,1
#111,1281,2
#111,478,3
#111,1722,4
#111,1495,5
#111,27,6
#111,261,7
#111,1248,8
#111,920,9
#111,1749,10
#111,1393,11
#111,745,12
#111,420,13
#111,1308,14
#111,1173,15
#111,1023,16
#111,340,17
#111,169,18
#111,1037,19
#692,293,0
#692,1248,1
#692,1206,2
#692,1259,3
#692,1710,4
#692,566,5
#692,842,6
#692,483,7
#692,151,8
#692,1106,9
#692,1827,10
#692,1506,11
#692,873,12
#692,766,13
#692,1601,14
#692,1610,15
#692,644,16
#692,1292,17
#692,1889,18
#692,48,19
#1415,885,0
#1415,479,1
#1415,511,2
#1415,1247,3
#1415,561,4
#1415,241,5
#1415,1078,6
#1415,1692,7
#1415,1330,8
#1415,279,9
#1415,1396,10
#1415,78,11
#1415,1442,12
#1415,1376,13
#1415,1656,14
#1415,1800,15
#1415,1441,16
#1415,1789,17
#1415,642,18
#1415,280,19
#1373,623,0
#1373,1640,1
#1373,654,2
#1373,1449,3
#1373,438,4
#1373,1699,5
#1373,1832,6
#1373,1629,7
#1373,360,8
#1373,120,9
#1373,1719,10
#1373,144,11
#1373,1016,12
#1373,1895,13
#1373,1607,14
#1373,1557,15
#1373,1358,16
#1373,961,17
#1373,436,18
#1373,1442,19
#132,1533,0
#132,549,1
#132,590,2
#132,360,3
#132,706,4
#132,71,5
#132,319,6
#132,1834,7
#132,76,8
#132,693,9
#132,310,10
#132,1765,11
#132,736,12
#132,195,13
#132,821,14
#132,1069,15
#132,1080,16
#132,1827,17
#132,1792,18
#132,515,19
#264,1380,0
#264,1621,1
#264,1159,2
#264,738,3
#264,1105,4
#264,937,5
#264,419,6
#264,1851,7
#264,221,8
#264,279,9
#264,911,10
#264,89,11
#264,1433,12
#264,1242,13
#264,1448,14
#264,1507,15
#264,1117,16
#264,195,17
#264,1172,18
#264,22,19
#1387,806,0
#1387,1605,1
#1387,1254,2
#1387,1273,3
#1387,1771,4
#1387,765,5
#1387,758,6
#1387,1068,7
#1387,654,8
#1387,1578,9
#1387,1192,10
#1387,418,11
#1387,976,12
#1387,627,13
#1387,404,14
#1387,1383,15
#1387,1511,16
#1387,76,17
#1387,10,18
#1387,258,19
#041,975,0
#041,1425,1
#041,1715,2
#041,185,3
#041,1309,4
#041,1829,5
#041,428,6
#041,774,7
#041,39,8
#041,484,9
#041,1777,10
#041,476,11
#041,1214,12
#041,1823,13
#041,821,14
#041,1867,15
#041,1032,16
#041,639,17
#041,618,18
#041,402,19
#108,629,0
#108,185,1
#108,1162,2
#108,1069,3
#108,1447,4
#108,699,5
#108,1575,6
#108,1771,7
#108,639,8
#108,1637,9
#108,920,10
#108,995,11
#108,1026,12
#108,1274,13
#108,971,14
#108,1823,15
#108,23,16
#108,741,17
#108,626,18
#108,1828,19
#031,1831,0
#031,1208,1
#031,1000,2
#031,476,3
#031,377,4
#031,1271,5
#031,1244,6
#031,563,7
#031,276,8
#031,1348,9
#031,1431,10
#031,1511,11
#031,1621,12
#031,570,13
#031,693,14
#031,852,15
#031,664,16
#031,144,17
#031,858,18
#031,1100,19
